Country,Year,GDP_Current_USD,Internet_Users_Pct,Urban_Pop_Pct,Education_Expenditure_Pct_GDP,Ease_Doing_Business_Index,CPIA_Public_Sector_Management,Startup_Procedures_Number,Unemployment_Rate_Pct,School_Enrollment_Tertiary_Pct,Literacy_Rate_Pct,Life_Expectancy_Years,Maternal_Mortality_Ratio,Access_Basic_Water_Pct,Renewable_Energy_Pct,Agricultural_Land_Pct,Immunization_Measles_Pct,Region,Income_Level,GDP_Category,Life_Expectancy_Category,Unemployment_Category,CO2_Emissions_Category,Inequality_Category,Access_Electricity_Category,Dominant_Sector,Maternal_Mortality_Category
Argentina,2010,4.24E+11,45,90.849,5.019710064,NA,NA,14,7.714,74.18753052,NA,75.721,55,98.4340479,8.8,46.13891234,95,Latin America & Caribbean,Upper middle income,Middle Income,High,Medium Unemployment,Medium Emissions,Medium Inequality,High Access,Services,Low
Argentina,2011,5.30E+11,51,90.99,5.290629864,NA,NA,14,7.18,77.42961121,NA,76.124,50,98.62186278,8.8,45.79196036,NA,Latin America & Caribbean,Upper middle income,High Income,High,Medium Unemployment,Medium Emissions,Medium Inequality,High Access,Services,Low
Argentina,2012,5.46E+11,55.8,91.121,5.345829964,NA,NA,14,7.217,78.45590973,NA,76.467,45,98.80529366,8.6,45.58130442,94,Latin America & Caribbean,Upper middle income,High Income,High,Medium Unemployment,Medium Emissions,Medium Inequality,High Access,Services,Low
Argentina,2013,5.52E+11,59.9,91.249,5.436610222,NA,NA,14,7.1,78.7686615,NA,76.491,43,98.86419896,8.9,44.92193124,94,Latin America & Caribbean,Upper middle income,High Income,High,Medium Unemployment,Medium Emissions,Medium Inequality,High Access,Services,Low
Argentina,2014,5.26E+11,64.7,91.377,5.361440182,NA,NA,14,7.268,81.16941071,NA,76.755,42,98.92324799,9.8,44.28302073,95,Latin America & Caribbean,Upper middle income,High Income,High,Medium Unemployment,Medium Emissions,Medium Inequality,High Access,Services,Low
Argentina,2015,5.95E+11,68.0431,91.503,5.776110172,NA,NA,14,7.58,83.76258087,NA,76.76,39,98.98230819,9.4,44.11877122,89,Latin America & Caribbean,Upper middle income,High Income,High,Medium Unemployment,Medium Emissions,NA,High Access,Services,Low
Argentina,2016,5.58E+11,70.969,91.627,5.545489788,NA,NA,14,8.083,86.61788177,NA,76.308,40,99.04137378,9.4,43.4794953,90,Latin America & Caribbean,Upper middle income,High Income,High,High Unemployment,Medium Emissions,Medium Inequality,High Access,Services,Low
Argentina,2017,6.44E+11,74.2949,91.749,5.454319954,115,NA,14,8.347,89.23294067,NA,76.833,38,NA,10.4,42.98638136,89,Latin America & Caribbean,Upper middle income,High Income,High,High Unemployment,Medium Emissions,Medium Inequality,High Access,Services,Low
Argentina,2018,5.25E+11,77.7,91.87,4.877739906,116,NA,11,9.221,90.97283173,94.86223892,76.999,34,NA,10.5,42.37153631,94,Latin America & Caribbean,Upper middle income,Middle Income,High,High Unemployment,Medium Emissions,Medium Inequality,High Access,Services,Low
Argentina,2019,4.48E+11,79.947,91.991,4.777599812,117,NA,12,9.843,95.0775528,NA,77.284,33,NA,10.7,42.59077926,86,Latin America & Caribbean,Upper middle income,Middle Income,High,High Unemployment,Medium Emissions,Medium Inequality,High Access,Services,Low
Argentina,2020,3.86E+11,85.5144,92.111,5.279640198,118,NA,NA,11.461,99.26622772,NA,75.892,45,NA,9.8,43.02926517,77,Latin America & Caribbean,Upper middle income,Middle Income,High,High Unemployment,Medium Emissions,Medium Inequality,High Access,Services,Low
Australia,2010,1.15E+12,76,85.182,5.538119793,119,NA,3,5.214,NA,NA,81.69512195,5,99.88314449,8.2,NA,94,East Asia & Pacific,High income,High Income,High,Medium Unemployment,Medium Emissions,Medium Inequality,High Access,Services,Low
Australia,2011,1.40E+12,79.4877,85.3,5.06814003,120,NA,3,5.083,NA,NA,81.89512195,6,99.89196182,8.3,51.56281322,94,East Asia & Pacific,High income,High Income,High,Medium Unemployment,Medium Emissions,NA,High Access,Services,Low
Australia,2012,1.55E+12,79,85.402,4.866670132,121,NA,3,5.225,NA,NA,82.04634146,6,99.90076959,8.3,50.38543145,NA,East Asia & Pacific,High income,High Income,High,Medium Unemployment,Medium Emissions,NA,High Access,Services,Low
Australia,2013,1.58E+12,83.4535,85.502,5.229090214,NA,NA,3,5.663,NA,93.73761496,82.14878049,6,99.90958939,9.2,NA,94,East Asia & Pacific,High income,High Income,High,Medium Unemployment,Medium Emissions,NA,High Access,Services,Low
Australia,2014,1.47E+12,84,85.602,5.164549828,118,NA,3,6.078,NA,NA,82.3,5,99.96147641,9.3,48.73839866,94,East Asia & Pacific,High income,High Income,High,Medium Unemployment,Medium Emissions,Medium Inequality,High Access,Services,Low
Australia,2015,1.35E+12,84.5605,85.701,5.31551981,119,NA,3,6.055,119.67939,NA,82.4,5,99.9700009,9.4,45.31442407,95,East Asia & Pacific,High income,High Income,High,Medium Unemployment,Medium Emissions,NA,High Access,Services,Low
Australia,2016,1.21E+12,86.54,85.8,5.28689003,118,NA,3,5.711,119.6827774,NA,82.44878049,5,99.96996668,9.6,44.53992579,95,East Asia & Pacific,High income,High Income,High,Medium Unemployment,Medium Emissions,Medium Inequality,High Access,Services,Low
Australia,2017,1.33E+12,86.545,85.904,5.138229847,119,NA,3,5.592,109.993309,NA,82.5,5,99.96993751,9.9,48.34061794,94,East Asia & Pacific,High income,High Income,High,Medium Unemployment,Medium Emissions,NA,High Access,Services,Low
Australia,2018,1.43E+12,90,86.012,5.124310017,NA,NA,3,5.3,103.3220901,NA,82.74878049,4,99.96989377,9.8,46.65809501,94,East Asia & Pacific,High income,High Income,High,Medium Unemployment,Medium Emissions,Medium Inequality,High Access,Services,Low
Australia,2019,1.39E+12,93.6099,86.124,5.134290218,NA,NA,3,5.159,109.7595596,NA,82.9,5,99.96985437,10.3,47.12377243,94,East Asia & Pacific,High income,High Income,High,Medium Unemployment,Medium Emissions,NA,High Access,Services,Low
Australia,2020,1.33E+12,94.6935,86.241,5.608449936,NA,NA,NA,6.456,110.1392212,NA,83.2,3,99.96981765,11.2,NA,93,East Asia & Pacific,High income,High Income,High,Medium Unemployment,Medium Emissions,NA,High Access,Services,Low
Brazil,2010,2.21E+12,40.65,84.335,5.648799896,NA,NA,NA,8.424,NA,90.37918091,73.182,64,96.51879999,46.8,27.73753491,99,Latin America & Caribbean,Upper middle income,Middle Income,Medium,High Unemployment,Medium Emissions,NA,High Access,Services,Low
Brazil,2011,2.62E+12,45.69,84.631,5.737410069,NA,NA,NA,7.578,NA,91.41123962,73.343,62,96.787975,45.2,27.82377419,99,Latin America & Caribbean,Upper middle income,High Income,Medium,Medium Unemployment,Medium Emissions,High Inequality,High Access,Services,Low
Brazil,2012,2.47E+12,48.56,84.923,5.855100155,NA,NA,NA,7.251,43.23085022,91.33785248,73.552,57,97.05097804,43.5,27.91001347,99,Latin America & Caribbean,Upper middle income,High Income,Medium,Medium Unemployment,Medium Emissions,High Inequality,High Access,Services,Low
Brazil,2013,2.47E+12,51.04,85.209,5.838850021,118,NA,11,7.071,44.33937073,NA,73.918,61,97.30767188,42.3,27.99625275,98,Latin America & Caribbean,Upper middle income,High Income,Medium,Medium Unemployment,Medium Emissions,High Inequality,High Access,Services,Low
Brazil,2014,2.46E+12,54.551,85.492,5.948480129,119,NA,11,6.755,47.1568718,NA,74.306,62,97.55858119,41.7,28.08249204,NA,Latin America & Caribbean,Upper middle income,High Income,Medium,Medium Unemployment,High Emissions,High Inequality,High Access,Services,Low
Brazil,2015,1.80E+12,58.328,85.77,6.24105978,NA,NA,11,8.538,48.43404007,NA,74.332,62,97.80356479,43.7,28.16873132,96,Latin America & Caribbean,Upper middle income,Middle Income,Medium,High Unemployment,Medium Emissions,High Inequality,High Access,Services,Low
Brazil,2016,1.80E+12,60.8725,86.042,6.314040184,NA,NA,11,11.58,48.33333969,NA,74.442,63,97.95583973,45.4,28.2549706,NA,Latin America & Caribbean,Upper middle income,Middle Income,Medium,High Unemployment,Medium Emissions,High Inequality,High Access,Services,Low
Brazil,2017,2.06E+12,67.4713,86.309,6.32047987,NA,NA,11,12.792,50.02674866,NA,74.827,60,98.45095603,45.3,28.34106631,87,Latin America & Caribbean,Upper middle income,Middle Income,Medium,High Unemployment,Medium Emissions,High Inequality,High Access,Services,Low
Brazil,2018,1.92E+12,70.4343,86.569,6.088510036,NA,NA,11,12.33,51.19168854,93.37870534,75.109,59,98.6794937,46.9,28.41562848,92,Latin America & Caribbean,Upper middle income,Middle Income,High,High Unemployment,Medium Emissions,High Inequality,High Access,Services,Low
Brazil,2019,1.87E+12,73.9124,86.824,5.963469982,124,NA,11,11.936,52.62406158,93.74958874,75.338,61,98.93554395,47.5,28.4901295,91,Latin America & Caribbean,Upper middle income,Middle Income,High,High Unemployment,Medium Emissions,High Inequality,High Access,Services,Low
Brazil,2020,1.48E+12,81.3427,87.073,5.771500111,NA,NA,NA,13.697,54.57279968,94.12047213,74.009,72,99.3208588,50,28.56461856,79,Latin America & Caribbean,Upper middle income,Middle Income,Medium,High Unemployment,Medium Emissions,High Inequality,High Access,Services,Medium
Canada,2010,1.62E+12,80.3,80.937,5.356369972,NA,NA,2,8.178,61.87625885,94.49135553,81.32219512,12,99.23634919,21.4,6.500408785,90,North America,High income,High Income,High,High Unemployment,High Emissions,Medium Inequality,High Access,Services,Low
Canada,2011,1.79E+12,83,81.096,5.262050152,116,NA,2,7.637,63.1548996,94.86223892,81.48268293,12,99.23589467,21.5,NA,88,North America,High income,High Income,High,Medium Unemployment,High Emissions,Medium Inequality,High Access,Services,Low
Canada,2012,1.83E+12,83,81.137,4.692587376,117,NA,2,7.392,63.61875916,95.23312232,81.66365854,12,99.2343231,21.8,6.443636169,89,North America,High income,High Income,High,Medium Unemployment,High Emissions,Medium Inequality,High Access,Services,Low
Canada,2013,1.85E+12,85.8,81.178,4.589009762,118,NA,2,7.143,65.77429962,95.60400572,81.74487805,11,99.23268868,22.2,6.451555335,NA,North America,High income,High Income,High,Medium Unemployment,High Emissions,Medium Inequality,High Access,Services,Low
Canada,2014,1.81E+12,87.12,81.218,4.843589783,NA,NA,2,7.023,67.2278595,95.97488911,81.78439024,12,99.23098341,22.2,6.459474502,90,North America,High income,High Income,High,Medium Unemployment,High Emissions,Medium Inequality,High Access,Services,Low
Canada,2015,1.56E+12,90,81.259,4.739379883,NA,NA,2,6.945,67.40316772,NA,81.81560976,12,99.22922133,22.3,6.467505206,NA,North America,High income,High Income,High,Medium Unemployment,High Emissions,Medium Inequality,High Access,Services,Low
Canada,2016,1.53E+12,91.16,81.3,4.816420078,NA,NA,2,7.038,69.50685883,NA,81.92487805,13,99.22739609,22.1,6.474755147,89,North America,High income,High Income,High,Medium Unemployment,High Emissions,Medium Inequality,High Access,Services,Low
Canada,2017,1.65E+12,92.7014,81.35,4.959969997,NA,NA,2,6.426,70.62715912,NA,81.83292683,13,99.22553538,22.8,NA,90,North America,High income,High Income,High,Medium Unemployment,High Emissions,Medium Inequality,High Access,Services,Low
Canada,2018,1.73E+12,94.64,81.411,4.888979912,NA,NA,2,5.837,69.57759857,NA,81.84390244,11,99.22363094,22.3,6.456819908,NA,North America,High income,High Income,High,Medium Unemployment,High Emissions,Medium Inequality,High Access,Services,Low
Canada,2019,1.74E+12,91.9129,81.482,4.772930145,NA,NA,2,5.69,72.81506348,NA,82.22390244,11,99.22165498,22.4,NA,90,North America,High income,High Income,High,Medium Unemployment,High Emissions,Medium Inequality,High Access,Services,Low
Canada,2020,1.66E+12,92.3,81.562,4.887949944,NA,NA,NA,9.657,74.15714264,NA,81.6604878,11,99.22180959,23.9,6.370735222,90,North America,High income,High Income,High,High Unemployment,High Emissions,NA,High Access,Services,Low
China,2010,6.09E+12,34.3,49.226,3.754642487,NA,NA,NA,4.53,25.28606987,95.1244812,75.599,33,88.71396501,12.3,NA,99,East Asia & Pacific,Upper middle income,Middle Income,High,Medium Unemployment,High Emissions,Medium Inequality,High Access,Agriculture,Low
China,2011,7.55E+12,38.3,50.511,3.521965027,NA,NA,NA,4.55,26.80752945,NA,75.903,32,89.58121346,11.3,56.10366022,99,East Asia & Pacific,Upper middle income,Middle Income,High,Medium Unemployment,High Emissions,Medium Inequality,High Access,Services,Low
China,2012,8.53E+12,42.3001,51.765,3.944000006,NA,NA,NA,4.58,29.32504082,NA,76.192,28,90.41089567,11.5,NA,99,East Asia & Pacific,Upper middle income,Middle Income,High,Medium Unemployment,High Emissions,Medium Inequality,High Access,Services,Low
China,2013,9.57E+12,45.8,53.013,3.710000038,NA,NA,13,4.6,32.76203156,NA,76.452,28,91.20790795,11.5,55.94339539,99,East Asia & Pacific,Upper middle income,Middle Income,High,Medium Unemployment,High Emissions,Medium Inequality,High Access,Services,Low
China,2014,1.05E+13,47.9,54.259,3.579999924,NA,NA,11,4.63,43.8821907,NA,76.717,26,91.97311924,11.9,55.86326298,99,East Asia & Pacific,Upper middle income,Middle Income,High,Medium Unemployment,High Emissions,Medium Inequality,High Access,Services,Low
China,2015,1.11E+13,50.3,55.5,3.813999891,NA,NA,11,4.65,47.43537903,NA,76.977,26,92.70634229,12.2,NA,99,East Asia & Pacific,Upper middle income,Middle Income,High,Medium Unemployment,High Emissions,Medium Inequality,High Access,Services,Low
China,2016,1.12E+13,53.2,56.736,3.760999918,NA,NA,9,4.56,49.70835876,NA,77.218,23,93.40787932,12.6,55.70300409,99,East Asia & Pacific,Upper middle income,Middle Income,High,Medium Unemployment,High Emissions,Medium Inequality,High Access,Services,Low
China,2017,1.23E+13,54.3,57.96,3.624000072,NA,NA,9,4.47,51.5827713,NA,77.248,22,94.07732535,13.1,55.62287167,99,East Asia & Pacific,Upper middle income,Middle Income,High,Medium Unemployment,High Emissions,Medium Inequality,High Access,Services,Low
China,2018,1.39E+13,59.2,59.152,3.542494535,NA,NA,5,4.31,54.00762177,NA,77.744,20,94.71350098,13.5,55.54273924,99,East Asia & Pacific,Upper middle income,Middle Income,High,Medium Unemployment,High Emissions,Medium Inequality,High Access,Services,Low
China,2019,1.43E+13,64.0809,60.308,3.541054726,32,NA,5,4.56,57.27544022,NA,77.968,20,95.3173719,14.3,55.46264943,99,East Asia & Pacific,Upper middle income,Middle Income,High,Medium Unemployment,High Emissions,Medium Inequality,High Access,Services,Low
China,2020,1.47E+13,70.0528,61.428,3.572956324,12,NA,NA,5,62.23677826,96.73951721,78.077,23,95.89031366,14.9,55.46264943,99,East Asia & Pacific,Upper middle income,Middle Income,High,Medium Unemployment,High Emissions,Medium Inequality,High Access,Services,Low
Colombia,2010,2.86E+11,36.5,77.964,4.83382988,14,NA,9,11.153,41.52967072,93.37232971,75.033,71,94.81804937,30.6,38.30824696,NA,Latin America & Caribbean,Upper middle income,Middle Income,High,High Unemployment,Low Emissions,High Inequality,High Access,Services,Medium
Colombia,2011,3.35E+11,40.3509,78.335,4.466080189,16,NA,9,10.288,45.28733063,93.58052826,75.32,71,95.0760498,29.6,37.60342497,88,Latin America & Caribbean,Upper middle income,Middle Income,High,High Unemployment,Low Emissions,High Inequality,High Access,Services,Medium
Colombia,2012,3.71E+11,48.98,78.701,4.370389938,18,NA,9,9.959,47.46699142,NA,75.597,71,95.32938423,29.6,38.41153673,94,Latin America & Caribbean,Upper middle income,Middle Income,High,High Unemployment,Low Emissions,High Inequality,High Access,Services,Medium
Colombia,2013,3.82E+11,51.7,79.061,4.878550053,NA,NA,9,9.246,50.74748993,NA,75.827,70,95.57797688,32,40.39260928,NA,Latin America & Caribbean,Upper middle income,Middle Income,High,High Unemployment,Low Emissions,High Inequality,High Access,Services,Low
Colombia,2014,3.81E+11,52.5681,79.415,4.629459858,NA,NA,9,8.799,53.17943954,94.18624878,76.043,70,95.82189584,32.1,NA,91,Latin America & Caribbean,Upper middle income,Middle Income,High,High Unemployment,Low Emissions,High Inequality,High Access,Services,Low
Colombia,2015,2.93E+11,55.905,79.764,4.470389843,NA,NA,9,8.572,54.79613113,94.24504852,76.257,70,96.06140925,31.1,40.36448851,94,Latin America & Caribbean,Upper middle income,Middle Income,High,High Unemployment,Low Emissions,High Inequality,High Access,Services,Low
Colombia,2016,2.83E+11,58.1365,80.108,4.477210045,NA,NA,8,8.922,57.14374924,94.65384674,76.471,70,96.29659226,30.5,NA,93,Latin America & Caribbean,Upper middle income,Middle Income,High,High Unemployment,Low Emissions,High Inequality,High Access,Services,Low
Colombia,2017,3.12E+11,62.2599,80.446,4.535510063,NA,NA,8,9.086,58.39604187,NA,76.646,71,96.52736455,32.2,39.19513294,93,Latin America & Caribbean,Upper middle income,Middle Income,High,High Unemployment,Low Emissions,High Inequality,High Access,Services,Medium
Colombia,2018,3.34E+11,64.1264,80.778,4.449100018,NA,NA,8,9.36,57.32054138,95.09250641,76.748,63,96.73950122,30.4,39.70076611,95,Latin America & Caribbean,Upper middle income,Middle Income,High,High Unemployment,Low Emissions,High Inequality,High Access,Services,Low
Colombia,2019,3.23E+11,65.0069,81.104,4.510690212,NA,NA,7,10.28,56.66630173,95.24926758,76.752,65,96.89252467,31.5,39.97656602,95,Latin America & Caribbean,Upper middle income,Middle Income,High,High Unemployment,Low Emissions,High Inequality,High Access,Services,Low
Colombia,2020,2.70E+11,69.7953,81.425,5.265500069,NA,NA,NA,15.983,55.73310852,95.63632965,74.769,75,97.04102366,32,39.7046219,NA,Latin America & Caribbean,Upper middle income,Middle Income,Medium,High Unemployment,Low Emissions,High Inequality,High Access,Services,Medium
France,2010,2.65E+12,77.28,78.369,5.639999866,NA,NA,5,9.279,54.8817215,NA,81.66341463,9,99.99999749,11.9,NA,89,Europe & Central Asia,High income,High Income,High,High Unemployment,Medium Emissions,Medium Inequality,High Access,Services,Low
France,2011,2.87E+12,77.82,78.622,5.480000019,NA,NA,5,9.228,55.62572861,NA,82.11463415,9,99.99999933,10.6,52.74081055,NA,Europe & Central Asia,High income,High Income,High,High Unemployment,Medium Emissions,Medium Inequality,High Access,Services,Low
France,2012,2.68E+12,81.44,78.878,5.489999771,67,NA,5,9.841,57.90901184,NA,81.96829268,9,99.99999848,12.3,52.67908181,91,Europe & Central Asia,High income,High Income,High,High Unemployment,Medium Emissions,Medium Inequality,High Access,Services,Low
France,2013,2.81E+12,81.9198,79.135,5.489999771,33,NA,5,9.913,59.8487587,NA,82.2195122,9,100,13.4,52.54923232,90,Europe & Central Asia,High income,High Income,High,High Unemployment,Medium Emissions,Medium Inequality,High Access,Services,Low
France,2014,2.86E+12,83.7511,79.394,5.489999771,NA,NA,5,10.273,61.51047897,NA,82.7195122,9,99.99999726,13.2,52.536083,91,Europe & Central Asia,High income,High Income,High,High Unemployment,Medium Emissions,Medium Inequality,High Access,Services,Low
France,2015,2.44E+12,78.006,79.655,5.449999809,67,NA,5,10.354,62.78593063,NA,82.32195122,8,100,13.3,52.46376176,91,Europe & Central Asia,High income,High Income,High,High Unemployment,Medium Emissions,Medium Inequality,High Access,Services,Low
France,2016,2.47E+12,79.2698,79.917,5.409999847,33,NA,5,10.057,64.72767639,NA,82.57317073,8,99.99999747,14.2,NA,90,Europe & Central Asia,High income,High Income,High,High Unemployment,Medium Emissions,Medium Inequality,High Access,Services,Low
France,2017,2.60E+12,80.5025,80.18,5.451600075,NA,NA,5,9.41,65.80223083,NA,82.57560976,8,100,14.1,52.4100669,90,Europe & Central Asia,High income,High Income,High,High Unemployment,Medium Emissions,Medium Inequality,High Access,Services,Low
France,2018,2.79E+12,82.0432,80.444,5.407169819,67,NA,5,9.018,67.54351807,NA,82.67560976,8,99.9999994,15.2,52.34176533,90,Europe & Central Asia,High income,High Income,High,High Unemployment,Medium Emissions,Medium Inequality,High Access,Services,Low
France,2019,2.73E+12,83.3397,80.709,5.354430199,33,NA,5,8.415,67.73313141,NA,82.82682927,8,100,15.5,52.27069693,92,Europe & Central Asia,High income,High Income,High,High Unemployment,Medium Emissions,Medium Inequality,High Access,Services,Low
France,2020,2.65E+12,84.7064,80.975,5.677840233,NA,NA,NA,8.01,68.40949249,NA,82.17560976,8,99.99999807,16.8,NA,94,Europe & Central Asia,High income,High Income,High,High Unemployment,Medium Emissions,Medium Inequality,High Access,Services,Low
Germany,2010,3.40E+12,82,76.966,5.095880032,NA,NA,9,6.967,NA,NA,79.98780488,6,99.99999981,11.6,47.91003242,97,Europe & Central Asia,High income,High Income,High,Medium Unemployment,High Emissions,Medium Inequality,High Access,Services,Low
Germany,2011,3.75E+12,81.27,77.16,4.984250069,NA,NA,9,5.825,NA,NA,80.43658537,6,99.99999871,12.5,NA,97,Europe & Central Asia,High income,High Income,High,Medium Unemployment,High Emissions,Medium Inequality,High Access,Services,Low
Germany,2012,3.53E+12,82.35,77.17,4.928440094,67,NA,9,5.379,NA,NA,80.53902439,5,99.99999933,13.6,NA,97,Europe & Central Asia,High income,High Income,High,Medium Unemployment,High Emissions,Medium Inequality,High Access,Services,Low
Germany,2013,3.73E+12,84.17,77.18,4.935389996,33,NA,9,5.231,60.89844894,NA,80.4902439,5,99.99999858,13.6,47.85886265,97,Europe & Central Asia,High income,High Income,High,Medium Unemployment,High Emissions,Medium Inequality,High Access,Services,Low
Germany,2014,3.89E+12,86.1937,77.19,4.921020031,NA,NA,9,4.981,65.18447876,NA,81.0902439,5,100,14,47.93637145,97,Europe & Central Asia,High income,High Income,High,Medium Unemployment,High Emissions,Medium Inequality,High Access,Services,Low
Germany,2015,3.36E+12,87.5898,77.2,4.855150223,23,NA,9,4.624,68.23291016,NA,80.64146341,5,99.99999831,14.6,47.95906667,97,Europe & Central Asia,High income,High Income,High,Medium Unemployment,High Emissions,Medium Inequality,High Access,Services,Low
Germany,2016,3.47E+12,84.1652,77.224,4.839230061,22,NA,9,4.122,67.94641113,NA,80.9902439,5,100,14.2,47.68433707,97,Europe & Central Asia,High income,High Income,High,Medium Unemployment,High Emissions,Medium Inequality,High Access,Services,Low
Germany,2017,3.69E+12,84.3942,77.261,4.871829987,NA,NA,9,3.746,68.46923065,NA,80.99268293,5,99.99999885,15.2,47.76311647,NA,Europe & Central Asia,High income,High Income,High,Low Unemployment,High Emissions,Medium Inequality,High Access,Services,Low
Germany,2018,3.97E+12,87.0371,77.312,4.979330063,23,NA,9,3.384,69.16342926,NA,80.89268293,5,100,16,47.64153644,NA,Europe & Central Asia,High income,High Income,High,Low Unemployment,High Emissions,Medium Inequality,High Access,Services,Low
Germany,2019,3.89E+12,88.1345,77.376,5.116769791,22,NA,9,3.136,72.70507813,NA,81.29268293,4,99.99999955,17.1,47.70027763,97,Europe & Central Asia,High income,High Income,High,Low Unemployment,High Emissions,Medium Inequality,High Access,Services,Low
Germany,2020,3.89E+12,89.8129,77.453,5.587590218,NA,NA,NA,3.856,72.38941956,NA,81.04146341,4,100,18.5,47.49706632,97,Europe & Central Asia,High income,High Income,High,Low Unemployment,High Emissions,Medium Inequality,High Access,Services,Low
India,2010,1.68E+12,7.5,30.93,3.377690077,NA,3.6,NA,8.318,18.69717979,NA,66.909,179,86.15087227,36.2,60.39741826,NA,South Asia,Lower middle income,Low Income,Medium,High Unemployment,High Emissions,NA,Low Access,Agriculture,High
India,2011,1.82E+12,10.07,31.276,3.79618001,,3.6,NA,8.222,23.82500076,69.3025589,67.359,170,86.76390529,35,NA,84,South Asia,Lower middle income,Low Income,Medium,High Unemployment,High Emissions,Medium Inequality,Low Access,Agriculture,High
India,2012,1.83E+12,11.1,31.634,4.085000038,23,3.6,NA,8.156,24.94021034,NA,67.887,162,87.37450795,34.8,60.42062566,NA,South Asia,Lower middle income,Low Income,Medium,High Unemployment,High Emissions,NA,Low Access,Agriculture,High
India,2013,1.86E+12,12.3,32.003,3.844670057,22,3.6,14,8.088,24.39100075,NA,68.46,154,87.98236686,34.9,60.43946065,83,South Asia,Lower middle income,Low Income,Medium,High Unemployment,High Emissions,NA,Medium Access,Agriculture,High
India,2014,2.04E+12,13.5,32.384,3.898999929,31,NA,15,7.992,25.99099922,NA,69.074,135,88.58737184,33.9,60.44955082,NA,South Asia,Lower middle income,Low Income,Medium,Medium Unemployment,High Emissions,NA,Medium Access,Agriculture,Medium
India,2015,2.10E+12,14.9,32.777,4.114999771,NA,NA,14,7.894,27.28499985,NA,69.636,128,89.1893093,33.4,NA,87,South Asia,Lower middle income,Low Income,Medium,Medium Unemployment,High Emissions,Medium Inequality,Medium Access,Agriculture,Medium
India,2016,2.29E+12,16.5,33.182,4.256999969,NA,NA,14,7.8,27.30400085,NA,70.117,121,89.78796094,33,60.39909996,88,South Asia,Lower middle income,Low Income,Medium,Medium Unemployment,High Emissions,Medium Inequality,Medium Access,Agriculture,Medium
India,2017,2.65E+12,18.2,33.6,4.306000233,NA,NA,12,7.723,27.9090004,NA,70.467,119,90.38318358,32.5,60.2839388,90,South Asia,Lower middle income,Low Income,Medium,Medium Unemployment,High Emissions,Medium Inequality,Medium Access,Agriculture,Medium
India,2018,2.70E+12,20.0813,34.03,4.376999855,31,NA,10,7.652,28.53199959,NA,70.71,116,90.97467558,32.9,NA,93,South Asia,Lower middle income,Low Income,Medium,Medium Unemployment,High Emissions,Medium Inequality,High Access,Agriculture,Medium
India,2019,2.84E+12,29.5235,34.472,3.897000074,62,NA,10,6.51,29.02300072,NA,70.91,116,91.56222114,33.5,60.21981337,95,South Asia,Lower middle income,Low Income,Medium,Medium Unemployment,High Emissions,Medium Inequality,High Access,Agriculture,Medium
India,2020,2.67E+12,43.4054,34.926,4.293000221,NA,NA,NA,7.859,29.81999969,NA,70.15,103,92.14560477,36.1,60.04586286,89,South Asia,Lower middle income,Low Income,Medium,Medium Unemployment,High Emissions,Medium Inequality,High Access,Agriculture,Medium
Italy,2010,2.14E+12,53.68,68.327,4.334119797,NA,NA,8,8.363,65.37895203,NA,82.03658537,7,99.81418421,12.8,48.45088902,91,Europe & Central Asia,High income,High Income,High,High Unemployment,Medium Emissions,Medium Inequality,High Access,Services,Low
Italy,2011,2.29E+12,54.39,68.444,4.115680218,NA,NA,8,8.359,64.2488327,98.84828186,82.18780488,7,99.83989667,11.9,46.84395268,90,Europe & Central Asia,High income,High Income,High,High Unemployment,Medium Emissions,Medium Inequality,High Access,Services,Low
Italy,2012,2.09E+12,55.83,68.684,4.056019783,NA,NA,8,10.655,62.34407043,NA,82.23902439,7,99.86560914,14.4,46.42598692,90,Europe & Central Asia,High income,High Income,High,High Unemployment,Medium Emissions,Medium Inequality,High Access,Services,Low
Italy,2013,2.14E+12,58.4593,68.979,4.143670082,NA,NA,8,12.149,60.89175034,NA,82.6902439,7,99.89132161,16.3,46.09120852,90,Europe & Central Asia,High income,High Income,High,High Unemployment,Medium Emissions,Medium Inequality,High Access,Services,Low
Italy,2014,2.16E+12,55.6385,69.272,4.061279774,NA,NA,7,12.683,60.88246918,NA,83.0902439,6,99.91703407,17.1,44.5086197,87,Europe & Central Asia,High income,High Income,High,High Unemployment,Medium Emissions,Medium Inequality,High Access,Services,Low
Italy,2015,1.84E+12,58.1417,69.565,4.073629856,58,NA,7,11.896,60.94078827,NA,82.54390244,7,99.91703407,16.6,43.77481249,85,Europe & Central Asia,High income,High Income,High,High Unemployment,Medium Emissions,Medium Inequality,High Access,Services,Low
Italy,2016,1.88E+12,61.3243,69.855,3.815789938,NA,NA,7,11.688,61.35678864,NA,83.24390244,6,99.91703407,16.1,43.32505969,NA,Europe & Central Asia,High income,High Income,High,High Unemployment,Medium Emissions,Medium Inequality,High Access,Services,Low
Italy,2017,1.96E+12,63.0773,70.144,4.044939995,NA,NA,7,11.211,62.69562912,98.84828186,82.94634146,6,99.91703407,16.4,NA,92,Europe & Central Asia,High income,High Income,High,High Unemployment,Medium Emissions,Medium Inequality,High Access,Services,Low
Italy,2018,2.09E+12,74.3872,70.438,4.256140232,NA,NA,7,10.61,64.47521973,98.84828186,83.34634146,5,99.91703407,17.1,41.94874847,93,Europe & Central Asia,High income,High Income,High,High Unemployment,Medium Emissions,Medium Inequality,High Access,Services,Low
Italy,2019,2.01E+12,67.8507,70.736,4.095270157,58,NA,7,9.952,65.6893692,99.34909821,83.49756098,5,99.91703407,17.3,44.36999564,94,Europe & Central Asia,High income,High Income,High,High Unemployment,Medium Emissions,Medium Inequality,High Access,Services,Low
Italy,2020,1.90E+12,70.4834,71.039,4.441949844,NA,NA,NA,9.164,68.72290039,,82.19512195,5,99.91703407,18.7,NA,92,Europe & Central Asia,High income,High Income,High,High Unemployment,Medium Emissions,Medium Inequality,High Access,Services,Low
Japan,2010,5.76E+12,78.21,90.812,3.599519968,NA,NA,NA,5.103,NA,,82.84268293,6,98.72740332,4.7,13.58847737,94,East Asia & Pacific,High income,High Income,High,Medium Unemployment,High Emissions,Medium Inequality,High Access,Services,Low
Japan,2011,6.23E+12,79.0541,91.069,3.605279922,NA,NA,NA,4.55,NA,,82.59121951,5,98.76461594,4.8,13.4951989,94,East Asia & Pacific,High income,High Income,High,Medium Unemployment,High Emissions,NA,High Access,Services,Low
Japan,2012,6.27E+12,79.4964,91.148,3.419450045,58,NA,NA,4.358,NA,,83.09609756,5,98.80182857,4.7,13.45679012,96,East Asia & Pacific,High income,High Income,High,Medium Unemployment,High Emissions,NA,High Access,Services,Low
Japan,2013,5.21E+12,88.2194,91.226,3.408750057,NA,NA,8,4.038,62.83818817,NA,83.33195122,5,98.83904119,5,13.42112483,95,East Asia & Pacific,High income,High Income,High,Medium Unemployment,High Emissions,Medium Inequality,High Access,Services,Low
Japan,2014,4.90E+12,89.1068,91.304,3.415299892,NA,NA,8,3.589,62.72698975,NA,83.58780488,5,98.87625381,5.6,13.36076818,98,East Asia & Pacific,High income,High Income,High,Low Unemployment,High Emissions,NA,High Access,Services,Low
Japan,2015,4.44E+12,91.058,91.381,3.312210083,NA,NA,8,3.385,62.47266006,NA,83.79390244,5,98.91346643,6.2,13.29492455,NA,East Asia & Pacific,High income,High Income,High,Low Unemployment,High Emissions,NA,High Access,Services,Low
Japan,2016,5.00E+12,93.1827,91.457,3.146430016,NA,NA,8,3.132,63.18722916,NA,83.98487805,5,98.95067906,6.4,13.20438957,96,East Asia & Pacific,High income,High Income,High,Low Unemployment,High Emissions,NA,High Access,Services,Low
Japan,2017,4.93E+12,91.7265,91.535,3.130579948,NA,NA,8,2.822,62.46297836,NA,84.0997561,5,98.98789168,6.9,13.10836763,97,East Asia & Pacific,High income,High Income,High,Low Unemployment,High Emissions,NA,High Access,Services,Low
Japan,2018,5.04E+12,88.7464,91.616,3.077820063,NA,NA,8,2.467,62.2089386,NA,84.21097561,5,99.0251043,7.3,13.02057613,97,East Asia & Pacific,High income,High Income,High,Low Unemployment,High Emissions,NA,High Access,Services,Low
Japan,2019,5.12E+12,92.7304,91.698,3.155339956,30,NA,8,2.351,62.11849976,NA,84.35634146,4,99.06231693,7.8,12.93552812,NA,East Asia & Pacific,High income,High Income,High,Low Unemployment,High Emissions,NA,High Access,Services,Low
Japan,2020,5.06E+12,90.2195,91.782,3.306289911,NA,NA,NA,2.809,62.13584137,NA,84.56,4,99.09952955,8.5,12.84499314,98,East Asia & Pacific,High income,High Income,High,Low Unemployment,High Emissions,NA,High Access,Services,Low
"Korea, Rep.",2010,1.14E+12,83.7,81.936,4.440000057,NA,NA,8,3.324,101.6732864,NA,80.11707317,8,99.02874723,1.3,18.24074074,NA,East Asia & Pacific,High income,High Income,High,Low Unemployment,High Emissions,Medium Inequality,High Access,Services,Low
"Korea, Rep.",2011,1.25E+12,83.7591,81.923,4.519999981,30,NA,6,2.992,100.8196793,99.51603699,80.56829268,10,99.11064182,1.4,18.06873135,99,East Asia & Pacific,High income,High Income,High,Low Unemployment,High Emissions,NA,High Access,Services,Low
"Korea, Rep.",2012,1.28E+12,84.07,81.851,4.599999905,NA,NA,4,2.812,98.28697968,99.76644517,80.8195122,9,99.1925364,1.6,18.3742678,99,East Asia & Pacific,High income,High Income,High,Low Unemployment,High Emissions,Medium Inequality,High Access,Services,Low
"Korea, Rep.",2013,1.37E+12,84.77,81.779,4.639999866,NA,NA,4,2.747,96.33750153,100.0168533,81.27073171,7,99.27443098,1.9,18.15429146,99,East Asia & Pacific,High income,High Income,High,Low Unemployment,High Emissions,NA,High Access,Services,Low
"Korea, Rep.",2014,1.48E+12,87.5568,81.707,4.730000019,NA,NA,4,3.082,94.44216919,100.2672615,81.72195122,6,99.35632556,2.9,NA,99,East Asia & Pacific,High income,High Income,High,Low Unemployment,High Emissions,Medium Inequality,High Access,Services,Low
"Korea, Rep.",2015,1.47E+12,89.8963,81.634,4.710000038,NA,NA,4,3.546,93.96765137,NA,82.02439024,6,99.43822015,2.7,17.81517779,98,East Asia & Pacific,High income,High Income,High,Low Unemployment,High Emissions,NA,High Access,Services,Low
"Korea, Rep.",2016,1.50E+12,92.843,81.562,4.333099842,NA,NA,3,3.65,93.65772247,NA,82.27560976,6,99.52011473,2.6,17.44607084,98,East Asia & Pacific,High income,High Income,High,Low Unemployment,High Emissions,Medium Inequality,High Access,Services,Low
"Korea, Rep.",2017,1.62E+12,95.0694,81.503,4.328239918,2,NA,3,3.653,93.72302246,NA,82.62682927,6,99.60200931,2.8,17.19515947,97,East Asia & Pacific,High income,High Income,High,Low Unemployment,High Emissions,Medium Inequality,High Access,Services,Low
"Korea, Rep.",2018,1.73E+12,96.0229,81.459,4.458079815,2,NA,3,3.824,93.32817841,98.80000305,82.62682927,6,99.68390389,3.2,16.94011485,98,East Asia & Pacific,High income,High Income,High,Low Unemployment,High Emissions,Medium Inequality,High Access,Services,Low
"Korea, Rep.",2019,1.65E+12,96.1576,81.43,4.684659958,5,NA,3,3.746,93.99891663,NA,83.22682927,6,99.76579848,3.2,16.77254098,98,East Asia & Pacific,High income,High Income,High,Low Unemployment,High Emissions,Medium Inequality,High Access,Services,Low
"Korea, Rep.",2020,1.64E+12,96.5051,81.414,4.801720142,NA,NA,NA,3.931,96.87677002,NA,83.42682927,8,99.84769306,3.6,16.60860656,98,East Asia & Pacific,High income,High Income,High,Low Unemployment,High Emissions,Medium Inequality,High Access,Services,Low
Mexico,2010,1.11E+12,31.05,77.815,5.159220219,NA,NA,NA,5.303,27.1670208,NA,74.19,51,95.79532112,9.4,52.37120296,95,Latin America & Caribbean,Upper middle income,Middle Income,Medium,Medium Unemployment,Medium Emissions,High Inequality,High Access,Services,Low
Mexico,2011,1.23E+12,37.1763,78.111,5.105649948,NA,NA,NA,5.175,28.03615952,NA,74.365,50,96.17946047,9.1,52.12171095,98,Latin America & Caribbean,Upper middle income,Middle Income,Medium,Medium Unemployment,Medium Emissions,NA,High Access,Services,Low
Mexico,2012,1.26E+12,39.75,78.405,5.103099823,34,NA,NA,4.892,29.34964943,NA,74.574,49,96.55966621,9,51.70503357,99,Latin America & Caribbean,Upper middle income,Middle Income,Medium,Medium Unemployment,Medium Emissions,High Inequality,High Access,Services,Low
Mexico,2013,1.33E+12,43.46,78.699,4.696050167,NA,NA,7,4.921,30.33016014,NA,74.739,49,96.93611422,9.2,51.17724221,NA,Latin America & Caribbean,Upper middle income,Middle Income,Medium,Medium Unemployment,Medium Emissions,NA,High Access,Services,Low
Mexico,2014,1.36E+12,44.3857,78.993,5.257470131,3,NA,7,4.819,31.20528984,NA,74.797,50,97.30882022,9.8,50.79760282,97,Latin America & Caribbean,Upper middle income,Middle Income,Medium,Medium Unemployment,Medium Emissions,High Inequality,High Access,Services,Low
Mexico,2015,1.21E+12,57.431,79.285,5.229420185,NA,NA,7,4.311,31.97186089,94.47228241,74.682,52,97.67764771,9.2,50.7626225,97,Latin America & Caribbean,Upper middle income,Middle Income,Medium,Medium Unemployment,Medium Emissions,NA,High Access,Services,Low
Mexico,2016,1.11E+12,59.5404,79.577,4.90681982,63,NA,8,3.853,38.58977127,94.85961914,74.412,49,98.04274749,9.2,NA,96,Latin America & Caribbean,Upper middle income,Middle Income,Medium,Low Unemployment,Medium Emissions,High Inequality,High Access,Services,Low
Mexico,2017,1.19E+12,53.0318,79.867,4.518219948,65,NA,8,3.419,40.33906937,94.97277832,74.138,52,98.40401993,10.1,49.87062424,NA,Latin America & Caribbean,Upper middle income,Middle Income,Medium,Low Unemployment,Medium Emissions,NA,High Access,Services,Low
Mexico,2018,1.26E+12,56.6596,80.156,4.254220009,55,NA,8,3.275,41.63827896,95.37991333,74.015,56,98.76154546,10.3,49.64942514,97,Latin America & Caribbean,Upper middle income,Middle Income,Medium,Low Unemployment,Medium Emissions,High Inequality,High Access,Services,Low
Mexico,2019,1.31E+12,69.6321,80.444,NA,60,NA,8,3.477,43.04413986,95.78704834,74.202,58,99.11535302,10.3,49.43851437,73,Latin America & Caribbean,Upper middle income,Middle Income,Medium,Low Unemployment,Medium Emissions,NA,High Access,Services,Low
Mexico,2020,1.12E+12,71.4902,80.731,4.625720024,NA,NA,NA,4.441,45.16545105,95.24784851,70.133,59,99.36870453,12.3,49.96939222,92,Latin America & Caribbean,Upper middle income,Middle Income,Medium,Medium Unemployment,Medium Emissions,Medium Inequality,High Access,Services,Low
Peru,2010,1.48E+11,34.77,76.43,2.867300034,NA,NA,9,3.6,NA,NA,73.711,76,87.39220248,32.2,NA,94,Latin America & Caribbean,Upper middle income,Middle Income,Medium,Low Unemployment,Low Emissions,High Inequality,Medium Access,Services,Medium
Peru,2011,1.72E+11,36.01,76.617,2.663500071,63,NA,8,3.477,NA,NA,74.133,73,88.0324057,30.6,19.50328125,NA,Latin America & Caribbean,Upper middle income,Middle Income,Medium,Low Unemployment,Low Emissions,Medium Inequality,Medium Access,Services,Medium
Peru,2012,1.93E+11,38.2,76.804,2.92276001,NA,NA,8,3.238,NA,93.84172821,74.544,72,88.66852141,30.8,19.60957813,94,Latin America & Caribbean,Upper middle income,Middle Income,Medium,Low Unemployment,Low Emissions,Medium Inequality,Medium Access,Services,Medium
Peru,2013,2.01E+11,39.2,76.989,3.297290087,65,NA,8,3.575,NA,NA,74.967,71,89.30003452,28.4,19.50575781,85,Latin America & Caribbean,Upper middle income,Middle Income,Medium,Low Unemployment,Low Emissions,Medium Inequality,Medium Access,Services,Medium
Peru,2014,2.01E+11,40.2447,77.173,3.695990086,45,NA,8,3.208,NA,93.70794678,75.333,65,89.92725534,28.6,19.39967188,89,Latin America & Caribbean,Upper middle income,Middle Income,High,Low Unemployment,Low Emissions,Medium Inequality,Medium Access,Services,Low
Peru,2015,1.90E+11,40.8526,77.357,3.969330072,NA,NA,8,3.272,NA,94.16233826,75.621,65,90.55041628,27.4,19.29359688,92,Latin America & Caribbean,Upper middle income,Middle Income,High,Low Unemployment,Low Emissions,Medium Inequality,Medium Access,Services,Low
Peru,2016,1.92E+11,45.4617,77.539,3.813169956,70,NA,8,3.741,73.33019257,NA,75.789,62,91.16910595,27.2,19.09609375,88,Latin America & Caribbean,Upper middle income,Middle Income,High,Low Unemployment,Low Emissions,Medium Inequality,Medium Access,Services,Low
Peru,2017,2.11E+11,50.4504,77.72,3.931309938,72,NA,8,3.691,71.24655151,NA,75.879,61,91.78356915,27.6,19.15477188,87,Latin America & Caribbean,Upper middle income,Middle Income,High,Low Unemployment,Low Emissions,Medium Inequality,Medium Access,Services,Low
Peru,2018,2.23E+11,55.0543,77.907,3.713920116,NA,NA,8,3.492,NA,NA,76.009,63,92.39508371,27.9,NA,86,Latin America & Caribbean,Upper middle income,Middle Income,High,Low Unemployment,Low Emissions,Medium Inequality,High Access,Services,Low
Peru,2019,2.28E+11,59.9505,78.099,3.822429895,76,NA,8,3.379,NA,NA,76.156,72,93.00323669,27.1,NA,85,Latin America & Caribbean,Upper middle income,Middle Income,High,Low Unemployment,Low Emissions,Medium Inequality,High Access,Services,Medium
Peru,2020,2.01E+11,65.2518,78.297,4.248040199,NA,NA,NA,7.179,NA,NA,73.665,69,93.60796814,31.6,19.52889844,77,Latin America & Caribbean,Upper middle income,Middle Income,Medium,Medium Unemployment,Low Emissions,Medium Inequality,High Access,Services,Low
Russian Federation,2010,1.52E+12,49,73.687,3.847624302,NA,NA,NA,7.369,NA,99.68427277,68.84121951,17,96.05547825,3.3,13.15843626,98,Europe & Central Asia,Upper middle income,Middle Income,Medium,Medium Unemployment,High Emissions,NA,High Access,Services,Low
Russian Federation,2011,2.05E+12,58,73.732,3.768173695,NA,NA,NA,6.536,79.72863007,NA,69.68390244,14,96.1340916,3.2,13.15843626,98,Europe & Central Asia,Upper middle income,High Income,Medium,Medium Unemployment,High Emissions,NA,High Access,Services,Low
Russian Federation,2012,2.21E+12,66,73.791,3.793100119,32,NA,NA,5.436,79.99227905,NA,70.07219512,12,96.21385339,3.2,13.15843626,98,Europe & Central Asia,Upper middle income,High Income,Medium,Medium Unemployment,High Emissions,NA,High Access,Services,Low
Russian Federation,2013,2.29E+12,67.97,73.863,3.763829947,NA,NA,6,5.458,82.04530334,NA,70.57878049,11,96.29457295,3.6,13.15843626,98,Europe & Central Asia,Upper middle income,High Income,Medium,Medium Unemployment,High Emissions,NA,High Access,Services,Low
Russian Federation,2014,2.06E+12,70.5176,73.95,4.013879776,NA,NA,5,5.16,83.77397156,NA,70.74365854,10,96.37634216,3.3,13.15843626,98,Europe & Central Asia,Upper middle income,High Income,Medium,Medium Unemployment,High Emissions,Medium Inequality,High Access,Services,Low
Russian Federation,2015,1.36E+12,70.0992,74.05,3.834029913,53,NA,5,5.571,85.2701416,NA,71.18341463,10,96.45888519,3.2,NA,98,Europe & Central Asia,Upper middle income,Middle Income,Medium,Medium Unemployment,High Emissions,Medium Inequality,High Access,Services,Low
Russian Federation,2016,1.28E+12,73.0914,74.164,3.760440111,NA,NA,4,5.559,84.91388702,NA,71.65121951,8,96.54219618,3.4,13.15843626,98,Europe & Central Asia,Upper middle income,Middle Income,Medium,Medium Unemployment,High Emissions,Medium Inequality,High Access,Services,Low
Russian Federation,2017,1.57E+12,76.0081,74.292,4.689909935,53,NA,4,5.212,82.772789,NA,72.45146341,9,96.62617767,3.2,13.15843626,98,Europe & Central Asia,Upper middle income,Middle Income,Medium,Medium Unemployment,High Emissions,Medium Inequality,High Access,Services,Low
Russian Federation,2018,1.66E+12,80.8647,74.433,4.678199768,NA,NA,4,4.846,83.6627121,NA,72.66219512,9,96.71064913,3.2,13.15843626,98,Europe & Central Asia,Upper middle income,Middle Income,Medium,Medium Unemployment,High Emissions,Medium Inequality,High Access,Services,Low
Russian Federation,2019,1.69E+12,82.6422,74.587,3.509325504,29,NA,4,4.496,83.32849121,NA,73.08390244,7,96.79552688,3.2,13.15843626,98,Europe & Central Asia,Upper middle income,Middle Income,Medium,Medium Unemployment,High Emissions,Medium Inequality,High Access,Services,Low
Russian Federation,2020,1.49E+12,84.9947,74.754,3.701467514,NA,NA,NA,5.589,59.06021118,NA,71.33878049,14,96.88071805,3.7,NA,97,Europe & Central Asia,Upper middle income,Middle Income,Medium,Medium Unemployment,High Emissions,Medium Inequality,High Access,Services,Low
Saudi Arabia,2010,5.28E+11,41,82.084,NA,NA,NA,14,5.55,NA,NA,75.763,15,NA,0,80.66558434,98,Middle East & North Africa,High income,High Income,High,Medium Unemployment,Medium Emissions,NA,High Access,Services,Low
Saudi Arabia,2011,6.77E+11,47.5,82.302,NA,NA,NA,14,5.77,28.94194984,NA,76.234,15,NA,0,NA,98,Middle East & North Africa,High income,High Income,High,Medium Unemployment,Medium Emissions,NA,High Access,Services,Low
Saudi Arabia,2012,7.42E+11,54,82.52,NA,76,NA,14,5.622,36.04441071,NA,76.461,15,NA,0,80.63720816,NA,Middle East & North Africa,High income,High Income,High,Medium Unemployment,Medium Emissions,NA,High Access,Services,Low
Saudi Arabia,2013,7.54E+11,60.5,82.74,NA,NA,NA,14,5.6,43.16350174,94.4263382,76.626,14,NA,0,80.61394899,98,Middle East & North Africa,High income,High Income,High,Medium Unemployment,High Emissions,NA,High Access,Services,Low
Saudi Arabia,2014,7.67E+11,64.7137,82.96,NA,55,NA,14,5.877,51.21107101,94.4563382,76.757,15,NA,0,80.74433988,98,Middle East & North Africa,High income,High Income,High,Medium Unemployment,High Emissions,NA,High Access,Services,Low
Saudi Arabia,2015,6.69E+11,69.6162,83.18,NA,NA,NA,14,5.6,56.55057144,94.4763382,76.918,16,98.67444104,0,80.77304169,98,Middle East & North Africa,High income,High Income,High,Medium Unemployment,High Emissions,NA,High Access,Services,Low
Saudi Arabia,2016,6.66E+11,74.8793,83.401,NA,67,NA,14,5.6,64.65511322,94.963382,77.064,16,98.67092316,0,80.76838986,98,Middle East & North Africa,High income,High Income,High,Medium Unemployment,High Emissions,NA,High Access,Services,Low
Saudi Arabia,2017,7.15E+11,94.1756,83.622,NA,85,NA,11,5.89,72.48166656,95.32862854,77.16,16,98.66739715,0,80.7540157,96,Middle East & North Africa,High income,High Income,High,Medium Unemployment,High Emissions,NA,High Access,Services,Low
Saudi Arabia,2018,8.47E+11,93.31,83.844,NA,NA,NA,11,6.029,74.52581787,NA,77.212,17,98.66386148,0,80.75373659,98,Middle East & North Africa,High income,High Income,High,Medium Unemployment,High Emissions,NA,High Access,Services,Low
Saudi Arabia,2019,8.39E+11,95.7247,84.065,NA,63,NA,3,5.636,79.61306763,NA,77.304,18,98.6603423,0,80.7634752,95,Middle East & North Africa,High income,High Income,High,Medium Unemployment,High Emissions,NA,High Access,Services,Low
Saudi Arabia,2020,7.34E+11,97.8623,84.287,NA,NA,NA,NA,7.45,74.78057098,97.58506775,76.239,16,98.65680086,0.1,80.77321381,96,Middle East & North Africa,High income,High Income,High,Medium Unemployment,High Emissions,NA,High Access,Services,Low
South Africa,2010,4.17E+11,24,62.218,5.134970188,53,NA,6,23.181,16.58200073,92.87731934,58.899,219,89.60755538,9.4,79.87123791,72,Sub-Saharan Africa,Upper middle income,Middle Income,Low,High Unemployment,Medium Emissions,High Inequality,Medium Access,Services,High
South Africa,2011,4.58E+11,33.97,62.746,5.288980007,NA,NA,6,21.416,17.61300087,93.10214233,60.651,194,90.0631651,9,79.44505354,77,Sub-Saharan Africa,Upper middle income,Middle Income,Medium,High Unemployment,Medium Emissions,NA,Medium Access,Services,High
South Africa,2012,4.34E+11,41,63.272,5.523230076,56,NA,6,21.786,17.26474953,93.7294693,61.846,164,90.50997354,8.3,79.41785028,79,Sub-Saharan Africa,Upper middle income,Middle Income,Medium,High Unemployment,Medium Emissions,NA,Medium Access,Services,High
South Africa,2013,4.01E+11,46.5,63.793,5.350719929,NA,NA,6,22.038,18.09461975,NA,62.533,151,90.94738287,7.8,NA,78,Sub-Saharan Africa,Upper middle income,Middle Income,Medium,High Unemployment,Medium Emissions,NA,Medium Access,Services,High
South Africa,2014,3.81E+11,49,64.312,5.489779949,NA,NA,7,22.606,18.13887978,94.13990021,63.38,141,91.37614288,7.6,NA,84,Sub-Saharan Africa,Upper middle income,Middle Income,Medium,High Unemployment,Medium Emissions,High Inequality,Medium Access,Services,High
South Africa,2015,3.47E+11,51.9191,64.828,5.482850075,74,NA,7,22.869,18.85560989,94.36791992,63.95,141,91.79609584,7.6,NA,86,Sub-Saharan Africa,Upper middle income,Middle Income,Medium,High Unemployment,Medium Emissions,NA,Medium Access,Services,High
South Africa,2016,3.24E+11,54,65.341,5.444240093,12,NA,7,24.023,18.96497917,94.59593963,64.747,127,92.20731162,7.8,79.41785028,NA,Sub-Saharan Africa,Upper middle income,Middle Income,Medium,High Unemployment,Medium Emissions,NA,Medium Access,Services,Medium
South Africa,2017,3.81E+11,56.1674,65.85,5.598670006,14,NA,7,23.992,21.41712952,87.04666901,65.402,133,92.60968252,7.9,79.41785028,NA,Sub-Saharan Africa,Upper middle income,Middle Income,Medium,High Unemployment,Medium Emissions,NA,Medium Access,Services,Medium
South Africa,2018,4.05E+11,62.4,66.355,5.644010067,16,NA,7,24.218,23.38998032,NA,65.674,125,93.00329093,8,NA,81,Sub-Saharan Africa,Upper middle income,Middle Income,Medium,High Unemployment,Medium Emissions,NA,Medium Access,Services,Medium
South Africa,2019,3.89E+11,69.6969,66.856,5.927700043,84,NA,7,25.538,24.01927948,95.02297211,66.175,118,93.38824369,8.7,79.41785028,83,Sub-Saharan Africa,Upper middle income,Middle Income,Medium,High Unemployment,Medium Emissions,NA,Medium Access,Services,Medium
South Africa,2020,3.38E+11,72.1128,67.354,6.1833601,NA,NA,NA,24.339,25.12968063,NA,65.252,127,93.76479029,9.8,79.41785028,NA,Sub-Saharan Africa,Upper middle income,Middle Income,Medium,High Unemployment,Medium Emissions,NA,Medium Access,Services,Medium
Spain,2010,1.42E+12,65.8,78.442,4.856080055,NA,NA,10,19.86,76.38291168,97.74890137,81.62682927,4,99.9999968,14.4,55.08889822,95,Europe & Central Asia,High income,High Income,High,High Unemployment,Medium Emissions,Medium Inequality,High Access,Services,Low
Spain,2011,1.48E+12,67.09,78.673,4.740829945,NA,NA,10,21.391,80.72409058,97.78375244,82.47560976,4,100,14.7,54.04096983,97,Europe & Central Asia,High income,High Income,High,High Unemployment,Medium Emissions,Medium Inequality,High Access,Services,Low
Spain,2012,1.32E+12,69.81,78.902,4.481130123,25,NA,11,24.788,82.89208984,97.89453888,82.42682927,4,99.9861652,15.8,53.86137822,97,Europe & Central Asia,High income,High Income,High,High Unemployment,Medium Emissions,Medium Inequality,High Access,Services,Low
Spain,2013,1.36E+12,71.635,79.133,4.349619865,NA,NA,11,26.094,85.21325684,98.07913208,83.07804878,4,99.95664151,16.9,53.44395354,95,Europe & Central Asia,High income,High Income,High,High Unemployment,Medium Emissions,Medium Inequality,High Access,Services,Low
Spain,2014,1.37E+12,76.1867,79.366,4.301509857,64,NA,7,24.442,88.0015564,98.09371948,83.22926829,4,99.92693932,17.3,53.13368385,96,Europe & Central Asia,High income,High Income,High,High Unemployment,Medium Emissions,Medium Inequality,High Access,Services,Low
Spain,2015,1.20E+12,78.6896,79.602,4.284570217,43,NA,7,22.058,88.57424927,98.14325714,82.83170732,4,99.92672631,16.3,NA,96,Europe & Central Asia,High income,High Income,High,High Unemployment,Medium Emissions,Medium Inequality,High Access,Services,Low
Spain,2016,1.23E+12,80.5613,79.84,4.225440025,NA,NA,7,19.635,89.80677795,98.25051117,83.32926829,4,99.92650228,16.7,52.57724736,97,Europe & Central Asia,High income,High Income,High,High Unemployment,Medium Emissions,Medium Inequality,High Access,Services,Low
Spain,2017,1.31E+12,84.6022,80.08,4.205520153,NA,NA,7,17.224,91.88774109,98.31928762,83.28292683,4,99.92628444,15.2,52.63871383,98,Europe & Central Asia,High income,High Income,High,High Unemployment,Medium Emissions,Medium Inequality,High Access,Services,Low
Spain,2018,1.42E+12,86.1072,80.321,4.179490089,32,NA,7,15.255,92.17488861,98.39768347,83.43170732,4,99.92605643,16.9,52.40820971,98,Europe & Central Asia,High income,High Income,High,High Unemployment,Medium Emissions,Medium Inequality,High Access,Services,Low
Spain,2019,1.39E+12,90.7187,80.565,4.230219841,31,NA,7,14.104,91.02026367,98.47607931,83.83170732,3,99.92583827,16.7,52.45849173,98,Europe & Central Asia,High income,High Income,High,High Unemployment,Medium Emissions,Medium Inequality,High Access,Services,Low
Spain,2020,1.28E+12,93.2056,80.81,4.899869919,NA,NA,NA,15.532,90.95484924,98.55447516,82.33170732,3,99.92560976,19.3,52.33167922,96,Europe & Central Asia,High income,High Income,High,High Unemployment,Medium Emissions,Medium Inequality,High Access,Services,Low
United Kingdom,2010,2.49E+12,85,81.302,5.687369823,12,NA,6,7.787,59.85358047,88.07913208,80.40243902,10,100,3.2,71.19414707,89,Europe & Central Asia,High income,High Income,High,Medium Unemployment,Medium Emissions,Medium Inequality,High Access,Services,Low
United Kingdom,2011,2.66E+12,85.38,81.57,5.558959961,14,NA,6,8.038,59.34627151,90.09371948,80.95121951,9,99.9999974,4,70.94614145,90,Europe & Central Asia,High income,High Income,High,High Unemployment,Medium Emissions,Medium Inequality,High Access,Services,Low
United Kingdom,2012,2.71E+12,87.48,81.837,5.590000153,16,NA,6,7.885,59.23820114,98.14325714,80.90487805,8,100,4.2,71.02054313,92,Europe & Central Asia,High income,High Income,High,Medium Unemployment,Medium Emissions,Medium Inequality,High Access,Services,Low
United Kingdom,2013,2.78E+12,89.8441,82.102,5.526830196,NA,NA,6,7.525,57.07722092,98.27051117,81.00487805,8,99.99999981,5.2,NA,93,Europe & Central Asia,High income,High Income,High,Medium Unemployment,Medium Emissions,Medium Inequality,High Access,Services,Low
United Kingdom,2014,3.06E+12,91.6133,82.365,5.59841013,NA,NA,6,6.11,56.99188995,103.3025737,81.30487805,8,99.99999835,6.6,71.22721448,93,Europe & Central Asia,High income,High Income,High,Medium Unemployment,Medium Emissions,Medium Inequality,High Access,Services,Low
United Kingdom,2015,2.93E+12,92.0003,82.626,5.553589821,NA,NA,4,5.301,56.93235016,107.1649412,80.95609756,8,100,7.7,70.83867234,93,Europe & Central Asia,High income,High Income,High,Medium Unemployment,Medium Emissions,Medium Inequality,High Access,Services,Low
United Kingdom,2016,2.69E+12,94.7758,82.886,5.415110111,NA,NA,4,4.81,58.59590149,111.0273087,81.15609756,9,99.99999722,7.7,71.71488364,92,Europe & Central Asia,High income,High Income,High,Medium Unemployment,Medium Emissions,Medium Inequality,High Access,Services,Low
United Kingdom,2017,2.68E+12,90.4246,83.143,5.431250095,NA,NA,4,4.33,60.15005112,114.8896762,81.25609756,9,100,8.8,72.19506675,92,Europe & Central Asia,High income,High Income,High,Medium Unemployment,Medium Emissions,Medium Inequality,High Access,Services,Low
United Kingdom,2018,2.87E+12,90.692,83.398,5.198070049,22,NA,4,3.996,61.67129898,118.7520437,81.25609756,9,100,10.2,71.71852023,92,Europe & Central Asia,High income,High Income,High,Low Unemployment,Medium Emissions,Medium Inequality,High Access,Services,Low
United Kingdom,2019,2.85E+12,92.5166,83.652,5.248710155,8,NA,4,3.737,65.96456146,122.6144112,81.40487805,9,99.99999734,11.4,72.4229988,91,Europe & Central Asia,High income,High Income,High,Low Unemployment,Medium Emissions,Medium Inequality,High Access,Services,Low
United Kingdom,2020,2.70E+12,94.8182,83.903,5.497700214,NA,NA,NA,4.472,69.98657227,126.4767787,80.35121951,10,100,13.6,71.34004919,91,Europe & Central Asia,High income,High Income,High,Medium Unemployment,Medium Emissions,Medium Inequality,High Access,Services,Low
United States,2010,1.50E+13,71.69,80.772,6.690000057,NA,NA,NA,9.633,NA,NA,78.54146341,14,99.01064611,7.4,44.49251264,92,North America,High income,High Income,High,High Unemployment,High Emissions,Medium Inequality,High Access,Services,Low
United States,2011,1.56E+13,69.7295,80.944,6.5,NA,NA,NA,8.949,NA,NA,78.64146341,15,99.09636791,8.4,44.27875838,92,North America,High income,High Income,High,High Unemployment,High Emissions,Medium Inequality,High Access,Services,Low
United States,2012,1.63E+13,74.7,81.119,6.25,NA,NA,NA,8.069,NA,NA,78.74146341,16,99.18111022,8.5,44.06499907,91,North America,High income,High Income,High,High Unemployment,High Emissions,Medium Inequality,High Access,Services,Low
United States,2013,1.69E+13,71.4,81.299,6.210000038,NA,NA,6,7.375,88.72641754,NA,78.74146341,16,99.26488934,8.9,44.12468215,92,North America,High income,High Income,High,Medium Unemployment,High Emissions,Medium Inequality,High Access,Services,Low
United States,2014,1.76E+13,73,81.483,6.099999905,NA,NA,6,6.168,88.6268692,NA,78.84146341,17,99.34764481,9,44.18436018,92,North America,High income,High Income,High,Medium Unemployment,High Emissions,Medium Inequality,High Access,Services,Low
United States,2015,1.83E+13,74.5542,81.671,4.946780205,NA,NA,6,5.28,88.88941193,NA,78.6902439,17,99.4293286,8.9,44.24402728,92,North America,High income,High Income,High,Medium Unemployment,High Emissions,Medium Inequality,High Access,Services,Low
United States,2016,1.88E+13,85.5444,81.862,4.806660175,NA,NA,6,4.869,88.83505249,NA,78.53902439,18,99.50989534,9.3,44.30370531,92,North America,High income,High Income,High,Medium Unemployment,High Emissions,Medium Inequality,High Access,Services,Low
United States,2017,1.96E+13,87.2749,82.058,5.122879982,NA,NA,6,4.355,88.16738892,NA,78.53902439,19,99.58934389,9.7,44.36336735,91,North America,High income,High Income,High,Medium Unemployment,High Emissions,Medium Inequality,High Access,Services,Low
United States,2018,2.07E+13,88.4989,82.256,4.928890228,NA,NA,6,3.896,88.29917908,NA,78.63902439,19,99.66759017,9.9,44.36336735,92,North America,High income,High Income,High,Low Unemployment,High Emissions,Medium Inequality,High Access,Services,Low
United States,2019,2.15E+13,89.4303,82.459,4.987279892,6,NA,6,3.669,87.88871002,NA,78.78780488,20,99.74463092,10.2,44.36336735,NA,North America,High income,High Income,High,Low Unemployment,High Emissions,Medium Inequality,High Access,Services,Low
United States,2020,2.13E+13,96.5768,82.664,5.435440063,NA,NA,NA,8.055,87.56765747,NA,76.9804878,21,99.82042152,11,44.36336735,91,North America,High income,High Income,High,High Unemployment,High Emissions,Medium Inequality,High Access,Services,Low
